{
	"credit": "Made with Blockbench",
	"texture_size": [32, 32],
	"textures": {
		"0": "create:item/goggles_model",
		"particle": "create:item/goggles_model"
	},
	"elements": [
		{
			"from": [8.75, 5.5, 2.75],
			"to": [12.75, 9.5, 4.75],
			"rotation": {"angle": 22.5, "axis": "x", "origin": [10.75, 7.5, 3.75]},
			"faces": {
				"north": {"uv": [3, 9.5, 1, 11.5], "texture": "#0"},
				"east": {"uv": [4, 9.5, 3, 11.5], "texture": "#0"},
				"south": {"uv": [6, 9.5, 4, 11.5], "texture": "#0"},
				"west": {"uv": [1, 9.5, 0, 11.5], "texture": "#0"},
				"up": {"uv": [1, 9.5, 3, 8.5], "texture": "#0"},
				"down": {"uv": [3, 8.5, 5, 9.5], "texture": "#0"}
			}
		},
		{
			"from": [3.25, 5.5, 2.75],
			"to": [7.25, 9.5, 4.75],
			"rotation": {"angle": 22.5, "axis": "x", "origin": [5.25, 7.5, 3.75]},
			"faces": {
				"north": {"uv": [7.5, 9.5, 9.5, 11.5], "texture": "#0"},
				"east": {"uv": [6.5, 9.5, 7.5, 11.5], "texture": "#0"},
				"south": {"uv": [10.5, 9.5, 12.5, 11.5], "texture": "#0"},
				"west": {"uv": [9.5, 9.5, 10.5, 11.5], "texture": "#0"},
				"up": {"uv": [9.5, 9.5, 7.5, 8.5], "texture": "#0"},
				"down": {"uv": [11.5, 8.5, 9.5, 9.5], "texture": "#0"}
			}
		},
		{
			"from": [4, 4, 4],
			"to": [12, 8, 12],
			"rotation": {"angle": 0, "axis": "y", "origin": [8, 6, 8]},
			"faces": {
				"north": {"uv": [4, 4, 8, 6], "texture": "#0"},
				"east": {"uv": [0, 4, 4, 6], "texture": "#0"},
				"south": {"uv": [12, 4, 16, 6], "texture": "#0"},
				"west": {"uv": [8, 4, 12, 6], "texture": "#0"},
				"up": {"uv": [8, 4, 4, 0], "texture": "#0"},
				"down": {"uv": [12, 0, 8, 4], "texture": "#0"}
			}
		}
	],
	"display": {
		"head": {
			"translation": [0, 6.5, 0],
			"scale": [1.65, 1.65, 1.65]
		}
	}
}